Rho,Potential
-10.0,-6.960771116620848e-05
-9.98999499749875,-7.00474584560703e-05
-9.9799899949975,-7.049050432732087e-05
-9.969984992496249,-7.093687734754731e-05
-9.959979989994997,-7.138660636426392e-05
-9.949974987493746,-7.183972050796936e-05
-9.939969984992496,-7.22962491952412e-05
-9.929964982491246,-7.275622213186706e-05
-9.919959979989995,-7.321966931601409e-05
-9.909954977488745,-7.368662104143591e-05
-9.899949974987495,-7.415710790071958e-05
-9.889944972486242,-7.463116078857053e-05
-9.879939969984992,-7.510881090513796e-05
-9.869934967483742,-7.559008975938077e-05
-9.859929964982491,-7.607502917247374e-05
-9.849924962481241,-7.656366128125559e-05
-9.83991995997999,-7.705601854171862e-05
-9.829914957478739,-7.755213373254131e-05
-9.819909954977488,-7.805203995866324e-05
-9.809904952476238,-7.855577065490466e-05
-9.799899949974987,-7.906335958962957e-05
-9.789894947473737,-7.957484086845349e-05
-9.779889944972487,-8.009024893799741e-05
-9.769884942471236,-8.060961858968685e-05
-9.759879939969984,-8.113298496359831e-05
-9.749874937468734,-8.166038355235218e-05
-9.739869934967484,-8.219185020505459e-05
-9.729864932466233,-8.272742113128698e-05
-9.719859929964983,-8.326713290514472e-05
-9.709854927463732,-8.381102246932637e-05
-9.699849924962482,-8.43591271392729e-05
-9.68984492246123,-8.49114846073581e-05
-9.67983991995998,-8.546813294713089e-05
-9.66983491745873,-8.602911061761073e-05
-9.659829914957479,-8.659445646763548e-05
-9.649824912456229,-8.716420974026396e-05
-9.639819909954978,-8.773841007723299e-05
-9.629814907453726,-8.83170975234699e-05
-9.619809904952476,-8.890031253166101e-05
-9.609804902451225,-8.948809596687817e-05
-9.599799899949975,-9.008048911126185e-05
-9.589794897448725,-9.067753366876315e-05
-9.579789894947474,-9.127927176994593e-05
-9.569784892446224,-9.188574597684803e-05
-9.559779889944972,-9.249699928790427e-05
-9.549774887443721,-9.31130751429308e-05
-9.539769884942471,-9.373401742817252e-05
-9.52976488244122,-9.43598704814141e-05
-9.51975987993997,-9.49906790971548e-05
-9.50975487743872,-9.562648853184908e-05
-9.499749874937468,-9.626734450921366e-05
-9.489744872436217,-9.691329322560089e-05
-9.479739869934967,-9.756438135544102e-05
-9.469734867433717,-9.822065605675297e-05
-9.459729864932466,-9.888216497672502e-05
-9.449724862431216,-9.954895625736663e-05
-9.439719859929966,-0.00010022107854123191
-9.429714857428714,-0.00010089858097721624
-9.419709854927463,-0.00010158151322642616
-9.409704852426213,-0.00010226992546812541
-9.399699849924962,-0.00010296386840575537
-9.389694847423712,-0.00010366339327303386
-9.379689844922462,-0.00010436855184013107
-9.369684842421211,-0.00010507939641992525
-9.35967983991996,-0.00010579597987433847
-9.349674837418709,-0.00010651835562075352
-9.339669834917459,-0.0001072465776385141
-9.329664832416208,-0.00010798070047550805
-9.319659829914958,-0.00010872077925483552
-9.309654827413707,-0.0001094668696815635
-9.299649824912457,-0.00011021902804956748
-9.289644822411205,-0.0001109773112484615
-9.279639819909955,-0.00011174177677061789
-9.269634817408704,-0.00011251248271827889
-9.259629814907454,-0.00011328948781075909
-9.249624812406203,-0.00011407285139174274
-9.239619809904953,-0.00011486263343667545
-9.229614807403703,-0.00011565889456025225
-9.21960980490245,-0.00011646169602400333
-9.2096048024012,-0.00011727109974397843
-9.19959979989995,-0.00011808716829853269
-9.1895947973987,-0.00011890996493621341
-9.17958979489745,-0.0001197395535837502
-9.169584792396199,-0.00012057599885415045
-9.159579789894947,-0.0001214193660549009
-9.149574787393696,-0.0001222697211962764
-9.139569784892446,-0.00012312713099975914
-9.129564782391196,-0.0001239916629065679
-9.119559779889945,-0.0001248633850863004
-9.109554777388695,-0.0001257423664456891
-9.099549774887445,-0.0001266286766374734
-9.089544772386192,-0.00012752238606938932
-9.079539769884942,-0.00012842356591327708
-9.069534767383692,-0.00012933228811431202
-9.059529764882441,-0.000130248625400355
-9.049524762381191,-0.00013117265129142984
-9.03951975987994,-0.00013210444010932512
-9.029514757378688,-0.00013304406698732543
-9.019509754877438,-0.00013399160788007014
-9.009504752376188,-0.00013494713957354758
-8.999499749874937,-0.00013591073969521905
-8.989494747373687,-0.00013688248672428076
-8.979489744872437,-0.00013786246000206285
-8.969484742371186,-0.0001388507397425671
-8.959479739869934,-0.00013984740704314774
-8.949474737368684,-0.00014085254389533438
-8.939469734867433,-0.00014186623319580217
-8.929464732366183,-0.00014288855875748866
-8.919459729864933,-0.00014391960532086142
-8.909454727363682,-0.00014495945856533792
-8.899449724862432,-0.00014600820512085944
-8.88944472236118,-0.00014706593257962265
-8.87943971985993,-0.0001481327295079687
-8.86943471735868,-0.00014920868545843606
-8.859429714857429,-0.00015029389098197553
-8.849424712356178,-0.00015138843764033114
-8.839419709854928,-0.0001524924180185918
-8.829414707353678,-0.00015360592573791167
-8.819409704852426,-0.00015472905546840668
-8.809404702351175,-0.00015586190294222463
-8.799399699849925,-0.00015700456496679742
-8.789394697348675,-0.00015815713943827226
-8.779389694847424,-0.00015931972535512863
-8.769384692346174,-0.00016049242283198121
-8.759379689844923,-0.0001616753331135741
-8.749374687343671,-0.00016286855858896652
-8.739369684842421,-0.00016407220280591358
-8.72936468234117,-0.0001652863704854482
-8.71935967983992,-0.00016651116753666127
-8.70935467733867,-0.00016774670107168842
-8.69934967483742,-0.00016899307942090324
-8.689344672336167,-0.00017025041214832192
-8.679339669834917,-0.00017151881006722064
-8.669334667333667,-0.0001727983852559722
-8.659329664832416,-0.0001740892510741001
-8.649324662331166,-0.00017539152217855883
-8.639319659829916,-0.00017670531454023949
-8.629314657328663,-0.0001780307454607073
-8.619309654827413,-0.00017936793358917078
-8.609304652326163,-0.00018071699893969193
-8.599299649824912,-0.00018207806290863456
-8.589294647323662,-0.0001834512482923588
-8.579289644822412,-0.00018483667930516316
-8.569284642321161,-0.00018623448159748077
-8.55927963981991,-0.0001876447822743293
-8.549274637318659,-0.00018906770991402265
-8.539269634817408,-0.0001905033945871466
-8.529264632316158,-0.00019195196787580158
-8.519259629814908,-0.00019341356289311813
-8.509254627313657,-0.00019488831430304954
-8.499249624812407,-0.0001963763583404429
-8.489244622311155,-0.00019787783283139787
-8.479239619809904,-0.00019939287721391187
-8.469234617308654,-0.00020092163255882139
-8.459229614807404,-0.0002024642415910406
-8.449224612306153,-0.00020402084871110147
-8.439219609804903,-0.00020559160001700462
-8.429214607303653,-0.00020717664332637887
-8.4192096048024,-0.00020877612819896073
-8.40920460230115,-0.00021039020595939312
-8.3991995997999,-0.00021201902972035498
-8.38919459729865,-0.00021366275440601884
-8.379189594797399,-0.00021532153677584887
-8.369184592296149,-0.0002169955354487383
-8.359179589794898,-0.00021868491092749852
-8.349174587293646,-0.00022038982562369797
-8.339169584792396,-0.00022211044388286075
-8.329164582291146,-0.00022384693201003123
-8.319159579789895,-0.00022559945829570685
-8.309154577288645,-0.0002273681930421471
-8.299149574787394,-0.00022915330859006464
-8.289144572286144,-0.00023095497934570405
-8.279139569784892,-0.00023277338180831413
-8.269134567283642,-0.00023460869459801992
-8.259129564782391,-0.00023646109848410215
-8.24912456228114,-0.000238330776413688
-8.23911955977989,-0.0002402179135408621
-8.229114557278638,-0.00024212269725620213
-8.219109554777388,-0.00024404531721674696
-8.209104552276138,-0.000245985965376407
-8.199099549774887,-0.0002479448360168162
-8.189094547273637,-0.0002499221257786409
-8.179089544772387,-0.0002519180336933473
-8.169084542271136,-0.000253932761215438
-8.159079539769884,-0.00025596651225516347
-8.149074537268634,-0.0002580194932117143
-8.139069534767383,-0.0002600919130069083
-8.129064532266133,-0.00026218398311937154
-8.119059529764883,-0.0002642959176192278
-8.109054527263632,-0.0002664279332033017
-8.099049524762382,-0.0002685802492308452
-8.08904452226113,-0.0002707530877597934
-8.07903951975988,-0.00027294667358356066
-8.069034517258629,-0.00027516123426838497
-8.059029514757379,-0.00027739700019122917
-8.049024512256128,-0.00027965420457824606
-8.039019509754878,-0.00028193308354382057
-8.029014507253628,-0.00028423387613019503
-8.019009504752376,-0.00028655682434768743
-8.009004502251125,-0.0002889021732155116
-7.998999499749875,-0.00029127017080321467
-7.988994497248624,-0.0002936610682727304
-7.978989494747374,-0.0002960751199210706
-7.968984492246124,-0.00029851258322365613
-7.9589794897448725,-0.00030097371887830216
-7.948974487243621,-0.000303458790849868
-7.938969484742371,-0.0003059680664155779
-7.9289644822411205,-0.0003085018162110334
-7.91895947973987,-0.00031106031427691595
-7.90895447723862,-0.0003136438381064015
-7.8989494747373685,-0.0003162526686932915
-7.888944472236118,-0.00031888709058087685
-7.878939469734867,-0.0003215473919115448
-7.868934467233617,-0.00032423386447713825
-7.858929464732366,-0.0003269468037700866
-7.848924462231116,-0.0003296865090353122
-7.8389194597298655,-0.0003324532833229309
-7.828914457228614,-0.00033524743354175897
-7.818909454727364,-0.0003380692705136374
-7.808904452226113,-0.00034091910902858794
-7.798899449724862,-0.00034379726790081456
-7.788894447223612,-0.0003467040700255669
-7.7788894447223615,-0.0003496398424368731
-7.768884442221111,-0.0003526049163661633
-7.75887943971986,-0.00035559962730179445
-7.74887443721861,-0.00035862431504949164
-7.738869434717358,-0.0003616793237937234
-7.728864432216108,-0.000364765002160021
-7.718859429714858,-0.00036788170327826643
-7.708854427213607,-0.0003710297848469539
-7.698849424712357,-0.00037420960919844784
-7.688844422211106,-0.00037742154336525407
-7.678839419709854,-0.00038066595914731715
-7.668834417208604,-0.00038394323318036193
-7.658829414707354,-0.00038725374700530126
-7.648824412206103,-0.00039059788713871835
-7.638819409704853,-0.0003939760451444499
-7.628814407203602,-0.00039738861770628373
-7.618809404702351,-0.0004008360067017904
-7.6088044022011,-0.0004043186192773085
-7.59879939969985,-0.0004078368679240993
-7.588794397198599,-0.00041139117055569754
-7.578789394697349,-0.00041498195058646683
-7.568784392196099,-0.00041860963701139146
-7.558779389694847,-0.00042227466448711614
-7.548774387193597,-0.0004259774734142583
-7.538769384692346,-0.00042971851002101587
-7.5287643821910955,-0.00043349822644808466
-7.518759379689845,-0.0004373170808349189
-7.508754377188595,-0.0004411755374073431
-7.498749374687344,-0.0004450740665665498
-7.488744372186093,-0.0004490131449794985
-7.478739369684842,-0.00045299325567074337
-7.4687343671835915,-0.00045701488811570863
-7.458729364682341,-0.0004610785383354448
-7.448724362181091,-0.00046518470899287634
-7.43871935967984,-0.0004693339094905799
-7.428714357178589,-0.00047352665607010806
-7.418709354677339,-0.0004777634719128892
-7.408704352176088,-0.00048204488724272986
-7.398699349674837,-0.0004863714394299406
-7.388694347173587,-0.000490743673097123
-7.3786893446723365,-0.0004951621402266329
-7.368684342171086,-0.0004996274002697554
-7.358679339669835,-0.0005041400202576202
-7.3486743371685845,-0.0005087005749138786
-7.338669334667333,-0.000513309646769185
-7.328664332166083,-0.0005179678262774935
-7.318659329664833,-0.0005226757119342217
-7.308654327163582,-0.000527433910396294
-7.298649324662332,-0.0005322430366041042
-7.288644322161081,-0.0005371037139054306
-7.278639319659829,-0.000542016574181329
-7.268634317158579,-0.0005469822579740409
-7.258629314657329,-0.0005520014146169546
-7.248624312156078,-0.0005570747023666392
-7.238619309654828,-0.0005622027885370009
-7.228614307153577,-0.0005673863496355866
-7.218609304652326,-0.0005726260715020727
-7.208604302151075,-0.0005779226494489801
-7.198599299649825,-0.0005832767884046395
-7.188594297148574,-0.0005886892030584587
-7.178589294647324,-0.0005941606180085198
-7.168584292146074,-0.0005996917679115456
-7.158579289644822,-0.000605283397635278
-7.148574287143572,-0.0006109362624133019
-7.138569284642321,-0.0006166511280023619
-7.12856428214107,-0.0006224287708421999
-7.11855927963982,-0.0006282699782179755
-7.10855427713857,-0.0006341755484252828
-7.098549274637319,-0.0006401462909378333
-7.088544272136068,-0.0006461830265778277
-7.078539269634817,-0.0006522865876890713
-7.0685342671335665,-0.0006584578183128699
-7.058529264632316,-0.0006646975743667615
-7.048524262131066,-0.0006710067238261129
-7.038519259629815,-0.000677386146908644
-7.028514257128564,-0.0006838367362619102
-7.018509254627314,-0.0006903593971538084
-7.0085042521260625,-0.0006969550476661362
-6.998499249624812,-0.0007036246188912617
-6.988494247123562,-0.0007103690551319579
-6.9784892446223115,-0.0007171893141044382
-6.968484242121061,-0.0007240863671446555
-6.95847923961981,-0.0007310611994179072
-6.9484742371185595,-0.0007381148101318032
-6.938469234617308,-0.0007452482127526482
-6.928464232116058,-0.0007524624352252832
-6.9184592296148075,-0.000759758520196459
-6.908454227113557,-0.000767137525241767
-6.898449224612307,-0.00077460052309621
-6.888444222111056,-0.0007821486018884502
-6.878439219609805,-0.0007897828653787946
-6.868434217108554,-0.0007975044332009796
-6.858429214607304,-0.0008053144411077991
-6.848424212106053,-0.0008132140412206532
-6.838419209604803,-0.000821204402283052
-6.8284142071035525,-0.0008292867099181509
-6.818409204602301,-0.0008374621668903659
-6.80840420210105,-0.0008457319933711387
-6.7983991995998,-0.000854097427208892
-6.788394197098549,-0.000862559724203267
-6.778389194597299,-0.0008711201583836674
-6.768384192096049,-0.0008797800222921975
-6.758379189594797,-0.0008885406272710443
-6.748374187093547,-0.0008974033037543695
-6.738369184592296,-0.0009063694015647715
-6.728364182091045,-0.0009154402902143729
-6.718359179589795,-0.0009246173592106179
-6.708354177088545,-0.0009339020183668171
-6.698349174587294,-0.0009432956981175113
-6.688344172086043,-0.000952799849838728
-6.678339169584793,-0.0009624159461731772
-6.668334167083541,-0.0009721454813604631
-6.658329164582291,-0.0009819899715723572
-6.648324162081041,-0.0009919509552532286
-6.63831915957979,-0.0010020299934656504
-6.62831415707854,-0.0010122286702412791
-6.618309154577289,-0.0010225485929370554
-6.6083041520760375,-0.0010329913925967871
-6.598299149574787,-0.0010435587243181796
-6.588294147073537,-0.0010542522676253757
-6.578289144572286,-0.0010650737268470603
-6.568284142071036,-0.0010760248315001867
-6.558279139569785,-0.0010871073366793963
-6.5482741370685345,-0.0010983230234521714
-6.538269134567283,-0.001109673699259795
-6.528264132066033,-0.0011211611983241538
-6.5182591295647825,-0.0011327873820604596
-6.508254127063532,-0.0011445541394959242
-6.498249124562282,-0.0011564633876944405
-6.4882441220610305,-0.0011685170721873355
-6.47823911955978,-0.0011807171674102135
-6.468234117058529,-0.0011930656771459679
-6.4582291145572785,-0.0012055646349739644
-6.448224112056028,-0.0012182161047254835
-6.438219109554778,-0.0012310221809454169
-6.4282141070535275,-0.001243984989360268
-6.418209104552276,-0.0012571066873524992
-6.408204102051025,-0.0012703894644412379
-6.398199099549775,-0.0012838355427693615
-6.388194097048524,-0.0012974471775970156
-6.378189094547274,-0.001311226657801527
-6.3681840920460235,-0.0013251763063837716
-6.358179089544772,-0.0013392984809809788
-6.348174087043522,-0.0013535955743859739
-6.338169084542271,-0.0013680700150728725
-6.32816408204102,-0.0013827242677291822
-6.31815907953977,-0.001397560833794345
-6.30815407703852,-0.001412582252004642
-6.298149074537269,-0.0014277910989444708
-6.288144072036018,-0.0014431899896039384
-6.278139069534768,-0.0014587815779427257
-6.268134067033516,-0.001474568557460178
-6.258129064532266,-0.0014905536617715333
-6.248124062031016,-0.00150673966519025
-6.238119059529765,-0.0015231293833163205
-6.228114057028515,-0.0015397256736304691
-6.218109054527264,-0.001556531436094168
-6.2081040520260125,-0.0015735496137553099
-6.198099049524762,-0.0015907831933594046
-6.188094047023512,-0.0016082352059662024
-6.178089044522261,-0.0016259087275715056
-6.168084042021011,-0.00164380687973406
-6.15807903951976,-0.001661932830207279
-6.148074037018509,-0.001680289793575626
-6.138069034517258,-0.0016988810318953969
-6.128064032016008,-0.001717709855339667
-6.118059029514757,-0.0017367796228471262
-6.108054027013507,-0.0017560937427745058
-6.098049024512257,-0.0017756556735522822
-6.0880440220110055,-0.0017954689243433013
-6.078039019509755,-0.0018155370557039867
-6.068034017008504,-0.0018358636802476922
-6.0580290145072535,-0.0018564524633098054
-6.048024012006003,-0.0018773071236141395
-6.038019009504753,-0.0018984314339401064
-6.028014007003502,-0.0019198292217901592
-6.018009004502251,-0.001941504370056942
-6.008004002001001,-0.001963460817689557
-5.99799899949975,-0.001985702560358277
-5.987993996998499,-0.002008233651117044
-5.977988994497249,-0.002031058201063046
-5.9679839919959985,-0.002054180379992535
-5.957978989494747,-0.0020776044170521
-5.947973986993497,-0.0021013346013845167
-5.9379689844922465,-0.0021253752827682174
-5.927963981990995,-0.0021497308722493893
-5.917958979489745,-0.0021744058427656207
-5.907953976988495,-0.002199404729760037
-5.897948974487243,-0.0022247321317846337
-5.887943971985993,-0.0022503927110915953
-5.877938969484743,-0.0022763911942112547
-5.867933966983492,-0.00230273237251521
-5.857928964482241,-0.0023294211027631586
-5.847923961980991,-0.002356462307631745
-5.83791895947974,-0.0023838609762238134
-5.827913956978489,-0.0024116221645561794
-5.817908954477239,-0.0024397509960240333
-5.807903951975988,-0.002468252661839973
-5.797898949474737,-0.0024971324214454627
-5.787893946973487,-0.002526395602892479
-5.777888944472236,-0.002556047603192938
-5.767883941970986,-0.0025860938886333425
-5.757878939469735,-0.0026165399950519416
-5.747873936968484,-0.0026473915280755675
-5.737868934467234,-0.0026786541633131446
-5.727863931965983,-0.002710333646502645
-5.717858929464732,-0.002742435793608127
-5.707853926963482,-0.0027749664908633107
-5.697848924462232,-0.0028079316947579036
-5.68784392196098,-0.0028413374319626603
-5.67783891945973,-0.0028751897991890086
-5.66783391695848,-0.002909494962978782
-5.6578289144572285,-0.0029442591594193
-5.647823911955978,-0.002979488693778886
-5.637818909454728,-0.00301518994005755
-5.6278139069534765,-0.003051369340447253
-5.617808904452226,-0.003088033404695926
-5.607803901950976,-0.0031251887093690475
-5.597798899449725,-0.003162841897002215
-5.587793896948474,-0.0032009996751378063
-5.577788894447224,-0.0032396688152384334
-5.5677838919459735,-0.0032788561514695046
-5.557778889444722,-0.003318568579342717
-5.547773886943472,-0.0033588130542118607
-5.5377688844422215,-0.003399596589611974
-5.52776388194097,-0.0034409262554320995
-5.51775887943972,-0.0034828091759116133
-5.5077538769384695,-0.0035252525274494587
-5.497748874437219,-0.0035682635362149135
-5.487743871935968,-0.0036118494755480253
-5.4777388694347176,-0.0036560176631370935
-5.467733866933467,-0.003700775457959972
-5.457728864432216,-0.0037461302569750617
-5.447723861930966,-0.0037920894915472246
-5.437718859429715,-0.0038386606235929987
-5.427713856928464,-0.003885851141428506
-5.417708854427214,-0.003933668555302652
-5.407703851925963,-0.003982120392597198
-5.397698849424713,-0.004031214192674197
-5.387693846923462,-0.004080957501350266
-5.377688844422211,-0.004131357864975949
-5.367683841920961,-0.004182422824097325
-5.35767883941971,-0.004234159906675518
-5.347673836918459,-0.004286576620838621
-5.337668834417209,-0.004339680447139004
-5.327663831915958,-0.004393478830287401
-5.317658829414707,-0.004447979170333683
-5.307653826913457,-0.004503188813262457
-5.297648824412207,-0.004559115040969791
-5.287643821910955,-0.004615765060585567
-5.277638819409705,-0.004673145993103834
-5.267633816908455,-0.0047312648612815155
-5.257628814407203,-0.004790128576763478
-5.247623811905953,-0.0048497439263896144
-5.237618809404703,-0.004910117557637155
-5.2276138069034515,-0.0049712559631486086
-5.217608804402201,-0.0050331654642929565
-5.207603801900951,-0.005095852193704917
-5.1975987993997,-0.0051593220767435525
-5.187593796898449,-0.005223580811808568
-5.177588794397199,-0.005288633849448726
-5.167583791895948,-0.0053544863701934006
-5.157578789394697,-0.005421143261033961
-5.147573786893447,-0.005488609090477743
-5.137568784392196,-0.005556888082092798
-5.127563781890945,-0.005625984086456815
-5.117558779389695,-0.005695900551418718
-5.1075537768884445,-0.005766640490576084
-5.097548774387194,-0.0058382064498658974
-5.087543771885943,-0.0059106004721601844
-5.0775387693846925,-0.005983824059751739
-5.067533766883442,-0.0060578781346085925
-5.057528764382191,-0.006132762996268528
-5.0475237618809405,-0.006208478277237574
-5.03751875937969,-0.0062850228957484705
-5.027513756878439,-0.00636239500572643
-5.017508754377189,-0.006440591943800682
-5.007503751875938,-0.006519610173190742
-4.997498749374688,-0.006599445224286161
-4.987493746873437,-0.006680091631727734
-4.977488744372186,-0.006761542867786922
-4.967483741870936,-0.006843791271827962
-4.957478739369685,-0.006926827975624335
-4.947473736868434,-0.007010642824287638
-4.937468734367184,-0.007095224292552503
-4.927463731865933,-0.007180559396145553
-4.917458729364682,-0.007266633597950326
-4.907453726863432,-0.007353430708662621
-4.897448724362182,-0.007440932781612139
-4.88744372186093,-0.007529120001406854
-4.87743871935968,-0.007617970566035637
-4.86743371685843,-0.007707460562042465
-4.857428714357178,-0.0077975638323619575
-4.847423711855928,-0.007888251836381022
-4.837418709354678,-0.007979493501764698
-4.827413706853427,-0.008071255067555808
-4.817408704352176,-0.008163499918028139
-4.807403701850926,-0.008256188406740486
-4.797398699349675,-0.008349277670205033
-4.787393696848424,-0.008442721430546873
-4.777388694347174,-0.008536469786493169
-4.767383691845923,-0.008630468991988889
-4.757378689344672,-0.008724661221692447
-4.747373686843422,-0.008818984322557729
-4.737368684342171,-0.008913371550659317
-4.727363681840921,-0.00900775129236461
-4.71735867933967,-0.009102046768900208
-4.707353676838419,-0.009196175723299452
-4.697348674337169,-0.009290050088654314
-4.687343671835918,-0.009383575636525893
-4.6773386693346675,-0.009476651604295224
-4.667333666833417,-0.009569170300158296
-4.657328664332166,-0.009661016684386011
-4.6473236618309155,-0.009752067925381514
-4.637318659329665,-0.009842192928972999
-4.627313656828415,-0.009931251839279068
-4.6173086543271635,-0.010019095509376429
-4.607303651825913,-0.010105564939884784
-4.597298649324663,-0.0101904906834615
-4.587293646823412,-0.010273692213067277
-4.577288644322161,-0.010354977251724656
-4.567283641820911,-0.010434141061341953
-4.55727863931966,-0.010510965688015211
-4.547273636818409,-0.010585219161050707
-4.537268634317159,-0.010656654642768366
-4.5272636318159085,-0.010725009525951134
-4.517258629314657,-0.01079000447559784
-4.507253626813407,-0.010851342411413596
-4.4972486243121566,-0.010908707427234333
-4.487243621810905,-0.010961763643326461
-4.477238619309655,-0.011010153987230605
-4.467233616808405,-0.01105349889852615
-4.457228614307153,-0.011091394952581117
-4.447223611805903,-0.01112341339801745
-4.437218609304653,-0.01114909860226375
-4.427213606803402,-0.011167966399183833
-4.417208604302151,-0.011179502332358968
-4.407203601800901,-0.011183159787161018
-4.39719859929965,-0.011178358004282575
-4.387193596798399,-0.01116447996688416
-4.377188594297149,-0.011140870152976844
-4.367183591795898,-0.011106832144077376
-4.357178589294647,-0.011061626080549737
-4.347173586793397,-0.01100446595337846
-4.337168584292146,-0.010934516721401735
-4.327163581790896,-0.010850891242262817
-4.317158579289645,-0.010752647004511768
-4.307153576788394,-0.01063878264740319
-4.297148574287144,-0.010508234253982758
-4.287143571785893,-0.010359871402033144
-4.277138569284642,-0.010192492956351095
-4.267133566783392,-0.010004822584646937
-4.257128564282141,-0.009795503978089766
-4.2471235617808905,-0.009563095756158024
-4.23711855927964,-0.009306066033988905
-4.22711355677839,-0.0090227866288454
-4.2171085542771385,-0.008711526880622442
-4.207103551775888,-0.008370447059492967
-4.197098549274638,-0.007997591331829016
-4.1870935467733865,-0.007590880253425284
-4.177088544272136,-0.0071481027567765615
-4.167083541770886,-0.006666907596714072
-4.1570785392696346,-0.006144794216071096
-4.147073536768384,-0.005579102990208748
-4.137068534267134,-0.004967004806173644
-4.1270635317658835,-0.00430548992896517
-4.117058529264632,-0.003591356103836867
-4.107053526763382,-0.0028211958397267025
-4.0970485242621315,-0.001991382814781923
-4.08704352176088,-0.001098057340490335
-4.07703851925963,-0.00013711081612647626
-4.0670335167583795,0.0008958308999668554
-4.057028514257128,0.0020054252813310938
-4.047023511755878,0.0031966321716922668
-4.037018509254628,0.004474734162243389
-4.027013506753377,0.005845358406584464
-4.017008504252126,0.0073144999796075135
-4.007003501750876,0.008888546894830594
-3.9969984992496252,0.010574306903573959
-3.986993496748374,0.012379036208969128
-3.9769884942471236,0.01431047023817884
-3.9669834917458733,0.0163768566274359
-3.956978489244623,0.018586990586648405
-3.9469734867433717,0.020950252823469864
-3.9369684842421213,0.02347665022094711
-3.926963481740871,0.026176859478258242
-3.9169584792396197,0.029062273940716164
-3.9069534767383693,0.03214505386326332
-3.896948474237119,0.03543818037124334
-3.8869434717358677,0.038955513403399096
-3.8769384692346174,0.04271185394502292
-3.866933466733367,0.04672301088405322
-3.8569284642321167,0.05100587284989271
-3.8469234617308654,0.05557848542398006
-3.836918459229615,0.06046013414287636
-3.8269134567283647,0.06567143374906285
-3.8169084542271134,0.07123442418199698
-3.806903451725863,0.0771726738425359
-3.7968984492246127,0.08351139070786982
-3.7868934467233615,0.09027754192190798
-3.776888444222111,0.0974999825380039
-3.7668834417208608,0.10520959414734356
-3.7568784392196104,0.11343943418760546
-3.746873436718359,0.12222489679319595
-3.736868434217109,0.13160388612077617
-3.7268634317158584,0.14161700316264558
-3.716858429214607,0.15230774714621453
-3.706853426713357,0.1637227327110679
-3.6968484242121065,0.1759119241566047
-3.686843421710855,0.18892888816365197
-3.676838419209605,0.2028310665137295
-3.6668334167083545,0.2176800704605642
-3.656828414207104,0.2335419985510665
-3.646823411705853,0.2504877798483494
-3.6368184092046025,0.26859354467867413
-3.626813406703352,0.28794102520873205
-3.616808404202101,0.308617988360808
-3.6068034017008506,0.3307187037927024
-3.5967983991996,0.3543444499085478
-3.586793396698349,0.37960406112751643
-3.5767883941970986,0.40661451992216396
-3.5667833916958482,0.4355015974489095
-3.556778389194598,0.4664005469321551
-3.5467733866933466,0.499456854333985
-3.5367683841920963,0.5348270512455219
-3.526763381690846,0.5726795953778088
-3.5167583791895947,0.6131958245123046
-3.5067533766883443,0.6565709902982777
-3.496748374187094,0.7030153788604245
-3.4867433716858427,0.7527555258095351
-3.4767383691845923,0.80603553393745
-3.466733366683342,0.8631185026301983
-3.4567283641820916,0.9242880788561578
-3.4467233616808404,0.989850140486605
-3.43671835917959,1.0601346236907563
-3.4267133566783397,1.135497507225341
-3.4167083541770884,1.2163229676179095
-3.406703351675838,1.3030257205340123
-3.3966983491745877,1.3960535650315982
-3.3866933466733364,1.4958901489527787
-3.376688344172086,1.6030579753972125
-3.3666833416708357,1.7181216720766488
-3.3566783391695854,1.8416915473815059
-3.346673336668334,1.974427459216472
-3.3366683341670837,2.117043025099622
-3.3266633316658334,2.270310204691111
-3.316658329164582,2.4350642888437624
-3.306653326663332,2.6122093324749303
-3.2966483241620814,2.802724072073536
-3.28664332166083,3.007668372506984
-3.27663831915958,3.2281902520137513
-3.2666333166583295,3.465533538893833
-3.256628314157079,3.7210462184783712
-3.246623311655828,3.9961895345180074
-3.2366183091545775,4.2925479152190364
-3.226613306653327,4.611839800832849
-3.216608304152076,4.95592945701878
-3.2066033016508255,5.326839866218862
-3.196598299149575,5.726766798069049
-3.186593296648324,6.158094169497272
-3.1765882941470736,6.623410815707314
-3.166583291645823,7.125528804801987
-3.156578289144573,7.667503441454265
-3.1465732866433216,8.252655118896191
-3.1365682841420712,8.884593193669707
-3.126563281640821,9.567242074197257
-3.1165582791395696,10.304869732408779
-3.1065532766383193,11.102118867553463
-3.096548274137069,11.964040973081673
-3.0865432716358185,12.89613358126647
-3.0765382691345673,13.904380986235253
-3.066533266633317,14.995298774482295
-3.0565282641320666,16.17598252295005
-3.0465232616308153,17.454161058614815
-3.036518259129565,18.838254710438157
-3.0265132566283146,20.337439024800116
-3.0165082541270634,21.961714459377866
-3.006503251625813,23.72198261817601
-2.9964982491245626,25.630129642341842
-2.9864932466233123,27.699117427831872
-2.976488244122061,29.943083402276383
-2.9664832416208107,32.37744965985074
-2.9564782391195603,35.019042324975224
-2.946473236618309,37.88622209358441
-2.9364682341170587,40.999026984915886
-2.9264632316158083,44.37932842763478
-2.916458229114557,48.05100190199289
-2.9064532266133067,52.04011346499569
-2.8964482241120564,56.375123598541116
-2.886443221610806,61.08710994149207
-2.8764382191095548,66.2100105959507
-2.8664332166083044,71.78088983576872
-2.856428214107054,77.84022819173269
-2.846423211605803,84.43223904287943
-2.8364182091045524,91.60521400697404
-2.826413206603302,99.411899595063
-2.816408204102051,107.90990777471023
-2.8064032016008005,117.1621632734505
-2.79639819909955,127.23739064716307
-2.7863931965982998,138.2106443361757
-2.7763881940970485,150.16388513340382
-2.766383191595798,163.18660669147957
-2.756378189094548,177.3765158970815
-2.7463731865932965,192.8402711371621
-2.736368184092046,209.69428266960534
-2.726363181590796,228.06557948514237
-2.7163581790895446,248.09274720229394
-2.706353176588294,269.92694166594924
-2.696348174087044,293.7329830147942
-2.6863431715857935,319.6905350336344
-2.6763381690845423,347.9953746029243
-2.666333166583292,378.8607559865801
-2.6563281640820415,412.5188745460831
-2.6463231615807903,449.2224342170118
-2.63631815907954,489.24632271504373
-2.6263131565782896,532.8893979304505
-2.6163081540770383,580.4763882995522
-2.606303151575788,632.3599090822134
-2.5962981490745376,688.9225953967534
-2.5862931465732872,750.579351535757
-2.576288144072036,817.7797144738805
-2.5662831415707856,891.0103275439114
-2.5562781390695353,970.7975179615767
-2.546273136568284,1057.7099691801059
-2.5362681340670337,1152.3614759110187
-2.5262631315657833,1255.4137660136662
-2.516258129064532,1367.5793692900372
-2.5062531265632817,1489.6245084827406
-2.4962481240620313,1622.3719824248822
-2.486243121560781,1766.7040052980622
-2.4762381190595297,1923.5649592964032
-2.4662331165582794,2093.964010654468
-2.456228114057029,2278.977530978245
-2.4462231115557778,2479.7512571370116
-2.4362181090545274,2697.5021136727555
-2.426213106553277,2933.5196118294057
-2.416208104052026,3189.166728995807
-2.4062031015507754,3465.8801617333693
-2.396198099049525,3765.169834801387
-2.3861930965482747,4088.6175379299934
-2.3761880940470235,4437.874551809349
-2.366183091545773,4814.658115206632
-2.3561780890445227,5220.746576699931
-2.3461730865432715,5657.973067703925
-2.336168084042021,6128.217528800412
-2.326163081540771,6633.396919486653
-2.3161580790395195,7175.45344298217
-2.306153076538269,7756.340623419819
-2.296148074037019,8378.007083345357
-2.2861430715357685,9042.377885748405
-2.276138069034517,9751.333327628325
-2.266133066533267,10506.685102105415
-2.2561280640320165,11310.149784002573
-2.2461230615307652,12163.319640201893
-2.236118059029515,13067.630821330149
-2.2261130565282645,14024.329055625556
-2.216108054027014,15034.433039079586
-2.206103051525763,16098.695797712448
-2.1960980490245126,17217.56438727739
-2.186093046523262,18391.13839152658
-2.176088044022011,19619.127780607905
-2.1660830415207606,20900.81079389849
-2.1560780390195102,22234.992613735725
-2.146073036518259,23619.965694687053
-2.1360680340170086,25053.4727033074
-2.1260630315157583,26532.67310143549
-2.116058029014508,28054.114467331896
-2.1060530265132567,29613.709688554532
-2.0960480240120063,31206.72117358752
-2.086043021510756,32827.75321134064
-2.0760380190095047,34470.75355462527
-2.0660330165082543,36129.025212301494
-2.056028014007004,37795.24930269665
-2.0460230115057527,39461.51964718466
-2.0360180090045024,41119.389568105966
-2.026013006503252,42759.93110191217
-2.0160080040020016,44373.80655084481
-2.0060030015007504,45951.3519809124
-1.9959979989994991,47482.671938631494
-1.9859929964982488,48957.74431395755
-1.9759879939969984,50366.533933553736
-1.965982991495748,51699.11313964346
-1.9559779889944977,52945.78730840665
-1.9459729864932473,54097.22300144855
-1.935967983991997,55144.576236925495
-1.9259629814907449,56079.618224783524
-1.9159579789894945,56894.8558425982
-1.9059529764882441,57583.64414150499
-1.8959479739869938,58140.288269381046
-1.8859429714857434,58560.132381068266
-1.875937968984493,58839.63336966615
-1.8659329664832427,58976.41759178116
-1.8559279639819906,58969.31916271654
-1.8459229614807402,58818.398851501486
-1.8359179589794898,58524.94309455819
-1.8259129564782395,58091.44315316676
-1.8159079539769891,57521.5549453336
-1.8059029514757388,56820.04056887007
-1.7958979489744866,55992.69298205121
-1.7858929464732363,55046.245705521964
-1.775887943971986,53988.26974100722
-1.7658829414707355,52827.06015881474
-1.7558779389694852,51571.51498042559
-1.7458729364682348,50231.009071711494
-1.7358679339669845,48815.26576708509
-1.7258629314657323,47334.22886924786
-1.715857928964482,45797.93752021112
-1.7058529264632316,44216.40622649239
-1.6958479239619813,42599.51205636034
-1.685842921460731,40956.89072237115
-1.6758379189594805,39297.842931544365
-1.6658329164582302,37631.25204152392
-1.655827913956978,35965.51371650016
-1.6458229114557277,34308.47794290984
-1.6358179089544773,32667.40345180563
-1.625812906453227,31048.924310366245
-1.6158079039519766,29459.02819536275
-1.6058029014507262,27903.045650673845
-1.595797898949474,26385.649461338136
-1.5857928964482237,24910.863148633256
-1.5757878939469734,23482.077503162294
-1.565782891445723,22102.074023569057
-1.5557778889444727,20773.054113845585
-1.5457728864432223,19496.672908151868
-1.535767883941972,18274.076634013072
-1.5257628814407198,17105.942487890403
-1.5157578789394694,15992.520076637864
-1.505752876438219,14933.673569619777
-1.4957478739369687,13928.923805014947
-1.4857428714357184,12977.489696180664
-1.475737868934468,12078.328386579997
-1.4657328664332177,11230.17370185257
-1.4557278639319655,10431.572542883843
-1.4457228614307152,9680.918952458633
-1.4357178589294648,8976.485669029635
-1.4257128564282144,8316.453053512678
-1.415707853926964,7698.93533841533
-1.4057028514257137,7122.004202969504
-1.3956978489244634,6583.709723460155
-1.3856928464232112,6082.0987850476
-1.3756878439219609,5615.2310706420585
-1.3656828414207105,5181.192764493463
-1.3556778389194601,4778.108123862014
-1.3456728364182098,4404.149082211308
-1.3356678339169594,4057.5430526061505
-1.3256628314157073,3736.579101156382
-1.315657828914457,3439.6126581446792
-1.3056528264132066,3165.06892957521
-1.2956478239119562,2911.4451648857366
-1.2856428214107058,2677.3119280088044
-1.2756378189094555,2461.313509323417
-1.2656328164082051,2262.1676057043323
-1.255627813906953,2078.6643851924496
-1.2456228114057026,1909.6650420557432
-1.2356178089044523,1754.0999374102694
-1.225612806403202,1610.9664103031487
-1.2156078039019516,1479.3263343547746
-1.2056028014007012,1358.303485815409
-1.1955977988994508,1247.0807802744382
-1.1855927963981987,1144.8974273078713
-1.1755877938969483,1051.0460450780304
-1.165582791395698,964.8697703067165
-1.1555777888944476,885.7593931165662
-1.1455727863931973,813.1505409473198
-1.135567783891947,746.5209310736474
-1.1255627813906948,685.3877071398327
-1.1155577788894444,629.3048715429746
-1.105552776388194,577.8608223973953
-1.0955477738869437,530.6760011559933
-1.0855427713856933,487.4006547053268
-1.075537768884443,447.71271385049243
-1.0655327663831926,411.3157885229776
-1.0555277638819405,377.93727874313794
-1.0455227613806901,347.3265993142863
-1.0355177588794398,319.2535153857135
-1.0255127563781894,293.5065853689245
-1.015507753876939,269.89170719791247
-1.0055027513756887,248.23076356776318
-0.9954977488744383,228.3603615446463
-0.9854927463731862,210.1306617959308
-0.9754877438719358,193.40429262529508
-0.9654827413706855,178.05534399979317
-0.9554777388694351,163.96843681163867
-0.9454727363681847,151.03786271571244
-0.9354677338669344,139.16679001563125
-0.9254627313656822,128.2665312283504
-0.9154577288644319,118.2558681331677
-0.9054527263631815,109.06043029981856
-0.8954477238619312,100.61212328756893
-0.8854427213606808,92.84860290865792
-0.8754377188594304,85.71279215212643
-0.8654327163581801,79.15243756527515
-0.855427713856928,73.1197020876978
-0.8454227113556776,67.57079152542647
-0.8354177088544272,62.46561203891922
-0.8254127063531769,57.767456197631724
-0.8154077038519265,53.4427153249066
-0.8054027013506762,49.46061601967308
-0.7953976988494258,45.79297889559776
-0.7853926963481737,42.4139977238491
-0.7753876938469233,39.30003730255944
-0.7653826913456729,36.42944850450281
-0.7553776888444226,33.78239907471184
-0.7453726863431722,31.340718861930885
-0.7353676838419219,29.08775827232175
-0.7253626813406697,27.00825883099441
-0.7153576788394194,25.088234827110615
-0.705352676338169,23.314865101852714
-0.6953476738369186,21.67639411586865
-0.6853426713356683,20.1620415042196
-0.6753376688344179,18.76191939278672
-0.6653326663331676,17.4669568108584
-0.6553276638319154,16.26883059058165
-0.6453226613306651,15.159902195448135
-0.6353176588294147,14.13315996731092
-0.6253126563281644,13.182166324906657
-0.615307653826914,12.301009486752855
-0.6053026513256636,11.484259327893259
-0.5952976488244133,10.726927013514441
-0.5852926463231611,10.024428083196202
-0.5752876438219108,9.372548687707562
-0.5652826413206604,8.76741470602367
-0.5552776388194101,8.205463493816659
-0.5452726363181597,7.68341803622917
-0.5352676338169093,7.198263297455169
-0.525262631315659,6.747224577667977
-0.5152576288144068,6.327747704300057
-0.5052526263131565,5.937480899718876
-0.4952476238119061,5.574258181079131
-0.48524262131065576,5.2360841606779065
-0.4752376188094054,4.921120126590443
-0.46523261630815504,4.62767129382119
-0.4552276138069029,4.354175125748897
-0.44522261130565255,4.099190634355636
-0.4352176088044022,3.8613885756792614
-0.42521260630315183,3.6395424641862184
-0.41520760380190147,3.432520336381004
-0.4052026013006511,3.2392772000125247
-0.39519759879940075,3.058848110751146
-0.3851925962981486,2.8903418232429434
-0.37518759379689826,2.732934968040153
-0.3651825912956479,2.585866710098285
-0.35517758879439754,2.4484338483569212
-0.3451725862931472,2.3199863194129358
-0.3351675837918968,2.1999230714836155
-0.32516258129064646,2.087688277768101
-0.3151575787893943,1.9827678609739154
-0.30515257628814396,1.884686303203139
-0.2951475737868936,1.7930037176104077
-0.28514257128564324,1.7073131602717093
-0.2751375687843929,1.6272381625541212
-0.2651325662831425,1.5524304659697707
-0.2551275637818904,1.4825679430448742
-0.24512256128064003,1.417352689150522
-0.23511755877938967,1.3565092715369365
-0.2251125562781393,1.299783122999016
-0.21510755377688895,1.246939068686376
-0.2051025512756386,1.1977599755662922
-0.19509754877438823,1.1520455149598607
-0.1850925462731361,1.1096110294085313
-0.17508754377188573,1.070286495896434
-0.16508254127063537,1.0339155781596492
-0.15507753876938501,1.000354761463207
-0.14507253626813466,0.96947256382422
-0.1350675337668843,0.9411488182111474
-0.12506253126563394,0.9152740207581618
-0.1150575287643818,0.8917487405047335
-0.10505252626313144,0.870483086607053
-0.09504752376188108,0.8513962293734122
-0.08504252126063072,0.8344159718536418
-0.07503751875938036,0.8194783690653299
-0.06503251625813,0.8065273922704898
-0.055027513756877866,0.7955146360274122
-0.045022511255627506,0.7863990660364512
-0.03501750875437715,0.7791468060775071
-0.025012506253126787,0.7737309626032223
-0.015007503751876428,0.770131485807305
-0.005002501250626068,0.7683350662339573
0.005002501250624292,0.7683350662339568
0.015007503751876428,0.770131485807305
0.025012506253126787,0.7737309626032223
0.03501750875437715,0.7791468060775072
0.045022511255627506,0.7863990660364513
0.055027513756877866,0.7955146360274123
0.06503251625812823,0.806527392270488
0.07503751875937859,0.8194783690653263
0.08504252126063072,0.8344159718536419
0.09504752376188108,0.8513962293734121
0.10505252626313144,0.8704830866070528
0.1150575287643818,0.891748740504734
0.12506253126563216,0.9152740207581553
0.13506753376688252,0.9411488182111432
0.14507253626813466,0.9694725638242201
0.15507753876938501,1.0003547614632067
0.16508254127063537,1.03391557815965
0.17508754377188573,1.0702864958964335
0.1850925462731361,1.109611029408531
0.19509754877438645,1.1520455149598527
0.2051025512756368,1.197759975566283
0.21510755377688895,1.2469390686863753
0.2251125562781393,1.2997831229990153
0.23511755877938967,1.3565092715369367
0.24512256128064003,1.417352689150522
0.2551275637818904,1.4825679430448735
0.26513256628314075,1.5524304659697559
0.2751375687843911,1.627238162554108
0.28514257128564324,1.7073131602717098
0.2951475737868936,1.7930037176104083
0.30515257628814396,1.8846863032031391
0.3151575787893943,1.9827678609739152
0.3251625812906447,2.0876882777680805
0.33516758379189504,2.1999230714835925
0.3451725862931454,2.3199863194129158
0.35517758879439754,2.448433848356921
0.3651825912956479,2.5858667100982853
0.37518759379689826,2.732934968040153
0.3851925962981486,2.8903418232429425
0.395197598799399,3.0588481107511134
0.40520260130064933,3.239277200012485
0.41520760380190147,3.4325203363810037
0.42521260630315183,3.639542464186219
0.4352176088044022,3.8613885756792636
0.44522261130565255,4.099190634355636
0.4552276138069029,4.354175125748895
0.46523261630815327,4.627671293821135
0.47523761880940363,4.921120126590385
0.48524262131065576,5.236084160677906
0.4952476238119061,5.5742581810791325
0.5052526263131565,5.937480899718876
0.5152576288144068,6.327747704300059
0.5252626313156572,6.747224577667916
0.5352676338169076,7.198263297455086
0.5452726363181579,7.68341803622907
0.5552776388194101,8.205463493816657
0.5652826413206604,8.767414706023665
0.5752876438219108,9.372548687707559
0.5852926463231611,10.024428083196208
0.5952976488244115,10.726927013514313
0.6053026513256619,11.484259327893126
0.615307653826914,12.301009486752852
0.6253126563281644,13.182166324906659
0.6353176588294147,14.133159967310917
0.6453226613306651,15.15990219544814
0.6553276638319154,16.26883059058165
0.6653326663331658,17.466956810858175
0.6753376688344161,18.761919392786478
0.6853426713356683,20.162041504219598
0.6953476738369186,21.676394115868657
0.705352676338169,23.31486510185271
0.7153576788394194,25.08823482711061
0.7253626813406697,27.008258830994418
0.7353676838419201,29.08775827232135
0.7453726863431704,31.34071886193046
0.7553776888444226,33.782399074711854
0.7653826913456729,36.4294485045028
0.7753876938469233,39.30003730255942
0.7853926963481737,42.41399772384908
0.795397698849424,45.79297889559722
0.8054027013506744,49.46061601967238
0.8154077038519265,53.44271532490661
0.8254127063531769,57.76745619763174
0.8354177088544272,62.46561203891921
0.8454227113556776,67.57079152542643
0.855427713856928,73.11970208769783
0.8654327163581783,79.15243756527393
0.8754377188594287,85.7127921521251
0.8854427213606808,92.84860290865794
0.8954477238619312,100.61212328756893
0.9054527263631815,109.06043029981855
0.9154577288644319,118.2558681331677
0.9254627313656822,128.26653122835037
0.9354677338669326,139.16679001562952
0.945472736368183,151.03786271571053
0.9554777388694351,163.96843681163867
0.9654827413706855,178.05534399979322
0.9754877438719358,193.4042926252951
0.9854927463731862,210.13066179593085
0.9954977488744365,228.36036154464296
1.005502751375687,248.23076356775903
1.015507753876939,269.89170719791264
1.0255127563781894,293.50658536892445
1.0355177588794398,319.25351538571346
1.0455227613806901,347.3265993142862
1.0555277638819405,377.93727874313794
1.0655327663831908,411.315788522971
1.0755377688844412,447.71271385048516
1.0855427713856933,487.4006547053266
1.0955477738869437,530.6760011559934
1.105552776388194,577.8608223973953
1.1155577788894444,629.3048715429745
1.1255627813906948,685.387707139833
1.1355677838919451,746.5209310736345
1.1455727863931955,813.1505409473075
1.1555777888944476,885.7593931165661
1.165582791395698,964.8697703067164
1.1755877938969483,1051.0460450780304
1.1855927963981987,1144.8974273078713
1.195597798899449,1247.0807802744198
1.2056028014006994,1358.3034858153892
1.2156078039019498,1479.32633435475
1.225612806403202,1610.966410303149
1.2356178089044523,1754.0999374102696
1.2456228114057026,1909.6650420557437
1.255627813906953,2078.664385192451
1.2656328164082034,2262.1676057043014
1.2756378189094537,2461.3135093233827
1.2856428214107058,2677.311928008804
1.2956478239119562,2911.445164885736
1.3056528264132066,3165.06892957521
1.315657828914457,3439.612658144679
1.3256628314157073,3736.5791011563833
1.3356678339169576,4057.5430526060945
1.345672836418208,4404.149082211239
1.3556778389194601,4778.108123862014
1.3656828414207105,5181.192764493464
1.3756878439219609,5615.231070642059
1.3856928464232112,6082.0987850476
1.3956978489244616,6583.709723460072
1.405702851425712,7122.004202969399
1.4157078539269623,7698.935338415219
1.4257128564282144,8316.45305351268
1.4357178589294648,8976.485669029636
1.4457228614307152,9680.918952458633
1.4557278639319655,10431.572542883841
1.4657328664332159,11230.173701852415
1.4757378689344662,12078.328386579851
1.4857428714357184,12977.48969618066
1.4957478739369687,13928.923805014943
1.505752876438219,14933.67356961978
1.5157578789394694,15992.520076637864
1.5257628814407198,17105.9424878904
1.5357678839419702,18274.076634012814
1.5457728864432205,19496.672908151664
1.5557778889444727,20773.05411384558
1.565782891445723,22102.07402356907
1.5757878939469734,23482.077503162298
1.5857928964482237,24910.863148633267
1.595797898949474,26385.64946133813
1.6058029014507245,27903.04565067353
1.6158079039519748,29459.02819536247
1.625812906453227,31048.924310366256
1.6358179089544773,32667.403451805618
1.6458229114557277,34308.47794290985
1.655827913956978,35965.513716500165
1.6658329164582284,37631.25204152361
1.6758379189594788,39297.84293154414
1.685842921460731,40956.89072237114
1.6958479239619813,42599.512056360334
1.7058529264632316,44216.40622649241
1.715857928964482,45797.93752021112
1.7258629314657323,47334.228869247876
1.7358679339669827,48815.265767084784
1.745872936468233,50231.00907171134
1.7558779389694852,51571.51498042562
1.7658829414707355,52827.06015881474
1.775887943971986,53988.26974100723
1.7858929464732363,55046.24570552196
1.7958979489744866,55992.69298205121
1.805902951475737,56820.040568869896
1.8159079539769873,57521.554945333526
1.8259129564782395,58091.44315316678
1.8359179589794898,58524.94309455819
1.8459229614807402,58818.39885150147
1.8559279639819906,58969.319162716536
1.865932966483241,58976.41759178118
1.8759379689844913,58839.63336966615
1.8859429714857434,58560.13238106829
1.8959479739869938,58140.28826938104
1.9059529764882441,57583.64414150501
1.9159579789894945,56894.855842598205
1.9259629814907449,56079.61822478351
1.9359679839919952,55144.576236925626
1.9459729864932456,54097.223001448794
1.9559779889944977,52945.78730840663
1.965982991495748,51699.113139643436
1.9759879939969984,50366.53393355374
1.9859929964982488,48957.74431395755
1.9959979989994991,47482.67193863149
2.0060030015007495,45951.35198091262
2.016008004002,44373.80655084509
2.026013006503252,42759.93110191218
2.0360180090045024,41119.38956810599
2.0460230115057527,39461.519647184636
2.056028014007003,37795.249302696764
2.0660330165082534,36129.025212301654
2.076038019009504,34470.75355462552
2.086043021510754,32827.75321134091
2.0960480240120063,31206.721173587524
2.1060530265132567,29613.70968855453
2.116058029014507,28054.11446733204
2.1260630315157574,26532.673101435576
2.1360680340170077,25053.47270330753
2.146073036518258,23619.965694687166
2.1560780390195102,22234.99261373574
2.1660830415207606,20900.81079389849
2.176088044022011,19619.127780607916
2.1860930465232613,18391.138391526663
2.1960980490245117,17217.564387277504
2.206103051525762,16098.695797712551
2.2161080540270124,15034.433039079793
2.2261130565282645,14024.329055625556
2.236118059029515,13067.630821330147
2.2461230615307652,12163.319640201893
2.2561280640320156,11310.14978400265
2.266133066533266,10506.685102105484
2.2761380690345163,9751.33332762838
2.2861430715357667,9042.37788574854
2.296148074037019,8378.007083345352
2.306153076538269,7756.340623419816
2.3161580790395195,7175.453442982169
2.32616308154077,6633.396919486689
2.3361680840420203,6128.21752880047
2.3461730865432706,5657.973067703977
2.3561780890445227,5220.746576699931
2.366183091545773,4814.658115206633
2.3761880940470235,4437.87455180935
2.386193096548274,4088.6175379300234
2.396198099049524,3765.169834801417
2.4062031015507745,3465.8801617333893
2.416208104052025,3189.166728995826
2.426213106553277,2933.5196118294048
2.4362181090545274,2697.502113672754
2.4462231115557778,2479.7512571370116
2.456228114057028,2278.9775309782644
2.4662331165582785,2093.9640106544857
2.476238119059529,1923.5649592964182
2.486243121560779,1766.7040052980913
2.4962481240620313,1622.371982424882
2.5062531265632817,1489.6245084827406
2.516258129064532,1367.5793692900365
2.5262631315657824,1255.4137660136735
2.5362681340670328,1152.361475911028
2.546273136568283,1057.7099691801145
2.5562781390695353,970.7975179615765
2.5662831415707856,891.0103275439114
2.576288144072036,817.7797144738806
2.5862931465732864,750.5793515357642
2.5962981490745367,688.9225953967574
2.606303151575787,632.359909082219
2.6163081540770374,580.476388299557
2.6263131565782896,532.8893979304504
2.63631815907954,489.24632271504373
2.6463231615807903,449.2224342170117
2.6563281640820406,412.51887454608595
2.666333166583291,378.8607559865844
2.6763381690845414,347.9953746029267
2.6863431715857917,319.69053503363887
2.696348174087044,293.7329830147942
2.706353176588294,269.92694166594924
2.7163581790895446,248.09274720229385
2.726363181590795,228.06557948514396
2.7363681840920453,209.69428266960688
2.7463731865932957,192.84027113716354
2.756378189094548,177.3765158970815
2.766383191595798,163.18660669147957
2.7763881940970485,150.1638851334038
2.786393196598299,138.21064433617713
2.7963981990995492,127.23739064716432
2.8064032016007996,117.16216327345137
2.81640820410205,107.90990777471083
2.826413206603302,99.41189959506296
2.8364182091045524,91.60521400697405
2.846423211605803,84.4322390428794
2.856428214107053,77.84022819173352
2.8664332166083035,71.78088983576932
2.876438219109554,66.21001059595123
2.8864432216108042,61.08710994149305
2.8964482241120564,56.3751235985411
2.9064532266133067,52.040113464995684
2.916458229114557,48.0510019019929
2.9264632316158075,44.3793284276351
2.936468234117058,40.99902698491618
2.946473236618308,37.886222093584735
2.9564782391195585,35.01904232497571
2.9664832416208107,32.377449659850726
2.976488244122061,29.943083402276383
2.9864932466233114,27.69911742783202
2.9964982491245618,25.630129642342016
3.006503251625812,23.721982618176185
3.0165082541270625,21.961714459378058
3.0265132566283146,20.337439024800123
3.036518259129565,18.838254710438157
3.0465232616308153,17.45416105861481
3.0565282641320657,16.17598252295015
3.066533266633316,14.99529877448241
3.0765382691345664,13.904380986235362
3.0865432716358168,12.89613358126665
3.096548274137069,11.964040973081671
3.1065532766383193,11.102118867553461
3.1165582791395696,10.30486973240878
3.12656328164082,9.567242074197338
3.1365682841420703,8.884593193669764
3.1465732866433207,8.252655118896236
3.156578289144571,7.667503441454363
3.166583291645823,7.125528804801988
3.1765882941470736,6.623410815707315
3.186593296648324,6.158094169497272
3.1965982991495743,5.726766798069077
3.2066033016508246,5.326839866218891
3.216608304152075,4.955929457018811
3.226613306653327,4.611839800832849
3.2366183091545775,4.292547915219038
3.246623311655828,3.9961895345180083
3.256628314157078,3.721046218478397
3.2666333166583286,3.465533538893853
3.276638319159579,3.2281902520137726
3.2866433216608293,3.007668372507001
3.2966483241620814,2.8027240720735374
3.306653326663332,2.61220933247493
3.316658329164582,2.435064288843763
3.3266633316658325,2.2703102046911243
3.336668334167083,2.1170430250996297
3.346673336668333,1.9744274592164834
3.3566783391695836,1.8416915473815263
3.3666833416708357,1.7181216720766483
3.376688344172086,1.603057975397212
3.3866933466733364,1.495890148952779
3.396698349174587,1.3960535650316035
3.406703351675837,1.3030257205340174
3.4167083541770875,1.2163229676179188
3.4267133566783397,1.1354975072253415
3.43671835917959,1.0601346236907563
3.4467233616808404,0.9898501404866049
3.4567283641820907,0.9242880788561655
3.466733366683341,0.863118502630204
3.4767383691845914,0.8060355339374552
3.486743371685842,0.7527555258095401
3.496748374187094,0.7030153788604243
3.5067533766883443,0.6565709902982779
3.5167583791895947,0.6131958245123047
3.526763381690845,0.5726795953778112
3.5367683841920954,0.5348270512455244
3.5467733866933457,0.49945685433398856
3.556778389194596,0.46640054693216143
3.5667833916958482,0.43550159744890937
3.5767883941970986,0.40661451992216396
3.586793396698349,0.3796040611275165
3.5967983991995993,0.35434444990855024
3.6068034017008497,0.3307187037927046
3.6168084042021,0.30861798836080945
3.626813406703352,0.28794102520873205
3.6368184092046025,0.2685935446786741
3.646823411705853,0.2504877798483496
3.6568284142071033,0.23354199855106772
3.6668334167083536,0.21768007046056528
3.676838419209604,0.20283106651373062
3.6868434217108543,0.1889288881636534
3.6968484242121065,0.17591192415660473
3.706853426713357,0.16372273271106796
3.716858429214607,0.15230774714621456
3.7268634317158575,0.1416170031626464
3.736868434217108,0.13160388612077722
3.7468734367183583,0.1222248967931966
3.7568784392196086,0.11343943418760682
3.7668834417208608,0.10520959414734359
3.776888444222111,0.09749998253800388
3.7868934467233615,0.09027754192190796
3.796898449224612,0.08351139070787059
3.806903451725862,0.07717267384253616
3.8169084542271126,0.07123442418199749
3.826913456728363,0.06567143374906394
3.836918459229615,0.06046013414287635
3.8469234617308654,0.05557848542398007
3.8569284642321158,0.05100587284989308
3.866933466733366,0.04672301088405356
3.8769384692346165,0.042711853945023276
3.886943471735867,0.038955513403399415
3.896948474237119,0.03543818037124334
3.9069534767383693,0.03214505386326332
3.9169584792396197,0.029062273940716175
3.92696348174087,0.026176859478258624
3.9369684842421204,0.023476650220947352
3.946973486743371,0.020950252823470083
3.956978489244621,0.01858699058664881
3.9669834917458733,0.016376856627435904
3.9769884942471236,0.014310470238178843
3.986993496748374,0.012379036208969138
3.9969984992496244,0.010574306903574122
4.007003501750875,0.008888546894830835
4.017008504252125,0.007314499979607666
4.027013506753375,0.005845358406584749
4.037018509254628,0.00447473416224339
4.047023511755878,0.0031966321716922668
4.057028514257128,0.0020054252813311003
4.067033516758379,0.0008958308999669015
4.077038519259629,-0.00013711081612637516
4.087043521760879,-0.001098057340490235
4.0970485242621315,-0.0019913828147819215
4.107053526763382,-0.0028211958397267034
4.117058529264632,-0.003591356103836868
4.127063531765883,-0.0043054899289650984
4.137068534267133,-0.004967004806173572
4.147073536768383,-0.005579102990208685
4.157078539269634,-0.006144794216071073
4.167083541770886,-0.006666907596714071
4.177088544272136,-0.007148102756776562
4.1870935467733865,-0.0075908802534252855
4.197098549274637,-0.007997591331828969
4.207103551775887,-0.008370447059492926
4.217108554277138,-0.00871152688062242
4.227113556778388,-0.009022786628845324
4.23711855927964,-0.009306066033988904
4.2471235617808905,-0.00956309575615802
4.257128564282141,-0.009795503978089764
4.267133566783391,-0.010004822584646907
4.2771385692846415,-0.010192492956351077
4.287143571785892,-0.010359871402033123
4.297148574287144,-0.010508234253982762
4.307153576788394,-0.010638782647403191
4.317158579289645,-0.01075264700451177
4.327163581790895,-0.010850891242262805
4.3371685842921455,-0.010934516721401725
4.347173586793396,-0.011004465953378452
4.357178589294646,-0.011061626080549735
4.367183591795898,-0.011106832144077379
4.377188594297149,-0.011140870152976847
4.387193596798399,-0.011164479966884158
4.397198599299649,-0.011178358004282574
4.4072036018009,-0.011183159787161018
4.41720860430215,-0.011179502332358966
4.4272136068034005,-0.011167966399183842
4.437218609304653,-0.011149098602263747
4.447223611805903,-0.011123413398017454
4.457228614307153,-0.01109139495258112
4.467233616808404,-0.011053498898526155
4.477238619309654,-0.011010153987230605
4.487243621810904,-0.010961763643326464
4.4972486243121566,-0.010908707427234331
4.507253626813407,-0.010851342411413596
4.517258629314657,-0.01079000447559784
4.527263631815908,-0.010725009525951146
4.537268634317158,-0.010656654642768371
4.547273636818408,-0.010585219161050714
4.557278639319659,-0.010510965688015213
4.567283641820911,-0.010434141061341955
4.577288644322161,-0.010354977251724656
4.587293646823412,-0.010273692213067275
4.597298649324662,-0.010190490683461508
4.607303651825912,-0.010105564939884792
4.617308654327163,-0.010019095509376434
4.627313656828413,-0.00993125183927909
4.637318659329665,-0.009842192928973
4.6473236618309155,-0.009752067925381512
4.657328664332166,-0.009661016684386011
4.667333666833416,-0.009569170300158301
4.677338669334667,-0.009476651604295233
4.687343671835917,-0.0093835756365259
4.697348674337167,-0.00929005008865433
4.707353676838419,-0.009196175723299449
4.71735867933967,-0.009102046768900206
4.72736368184092,-0.00900775129236462
4.7373686843421705,-0.008913371550659323
4.747373686843421,-0.008818984322557738
4.757378689344671,-0.008724661221692456
4.767383691845923,-0.008630468991988889
4.777388694347174,-0.008536469786493169
4.787393696848424,-0.008442721430546871
4.7973986993496744,-0.008349277670205038
4.807403701850925,-0.008256188406740497
4.817408704352175,-0.008163499918028151
4.8274137068534255,-0.008071255067555823
4.837418709354678,-0.007979493501764698
4.847423711855928,-0.007888251836381022
4.857428714357178,-0.007797563832361956
4.867433716858429,-0.0077074605620424735
4.877438719359679,-0.0076179705660356445
4.8874437218609295,-0.007529120001406863
4.89744872436218,-0.007440932781612153
4.907453726863432,-0.00735343070866262
4.917458729364682,-0.007266633597950325
4.927463731865933,-0.007180559396145553
4.937468734367183,-0.00709522429255251
4.947473736868433,-0.007010642824287648
4.957478739369684,-0.006926827975624342
4.967483741870936,-0.006843791271827964
4.977488744372186,-0.0067615428677869245
4.987493746873437,-0.006680091631727736
4.997498749374687,-0.00659944522428617
5.007503751875937,-0.0065196101731907485
5.017508754377188,-0.006440591943800688
5.027513756878438,-0.006362395005726441
5.03751875937969,-0.0062850228957484705
5.0475237618809405,-0.006208478277237576
5.057528764382191,-0.006132762996268528
5.067533766883441,-0.0060578781346086
5.077538769384692,-0.005983824059751742
5.087543771885942,-0.005910600472160189
5.097548774387192,-0.005838206449865911
5.1075537768884445,-0.005766640490576084
5.117558779389695,-0.005695900551418718
5.127563781890945,-0.0056259840864568145
5.1375687843921956,-0.005556888082092804
5.147573786893446,-0.005488609090477747
5.157578789394696,-0.005421143261033965
5.167583791895948,-0.005354486370193399
5.177588794397199,-0.005288633849448726
5.187593796898449,-0.00522358081180857
5.1975987993996995,-0.005159322076743561
5.20760380190095,-0.005095852193704923
5.2176088044022,-0.005033165464292962
5.227613806903451,-0.004971255963148613
5.237618809404703,-0.004910117557637154
5.247623811905953,-0.004849743926389614
5.257628814407203,-0.004790128576763478
5.267633816908454,-0.004731264861281519
5.277638819409704,-0.004673145993103839
5.2876438219109545,-0.004615765060585575
5.297648824412205,-0.004559115040969801
5.307653826913457,-0.004503188813262457
5.317658829414707,-0.004447979170333685
5.327663831915958,-0.004393478830287401
5.337668834417208,-0.004339680447139009
5.347673836918458,-0.004286576620838626
5.357678839419709,-0.00423415990667552
5.367683841920961,-0.004182422824097326
5.377688844422211,-0.004131357864975949
5.387693846923462,-0.004080957501350266
5.397698849424712,-0.004031214192674202
5.407703851925962,-0.003982120392597202
5.417708854427213,-0.003933668555302655
5.427713856928463,-0.0038858511414285105
5.437718859429715,-0.003838660623593
5.447723861930966,-0.0037920894915472255
5.457728864432216,-0.0037461302569750617
5.467733866933466,-0.003700775457959976
5.477738869434717,-0.0036560176631370974
5.487743871935967,-0.0036118494755480288
5.497748874437217,-0.0035682635362149205
5.5077538769384695,-0.003525252527449458
5.51775887943972,-0.003482809175911612
5.52776388194097,-0.003440926255432098
5.537768884442221,-0.00339959658961198
5.547773886943471,-0.0033588130542118637
5.557778889444721,-0.003318568579342717
5.567783891945972,-0.0032788561514695115
5.577788894447224,-0.003239668815238433
5.587793896948474,-0.0032009996751378054
5.5977988994497245,-0.003162841897002219
5.607803901950975,-0.003125188709369052
5.617808904452225,-0.003088033404695927
5.627813906953476,-0.0030513693404472567
5.637818909454728,-0.00301518994005755
5.647823911955978,-0.0029794886937788874
5.6578289144572285,-0.002944259159419301
5.667833916958479,-0.0029094949629787843
5.677838919459729,-0.0028751897991890108
5.6878439219609795,-0.0028413374319626633
5.69784892446223,-0.0028079316947579084
5.707853926963482,-0.002774966490863312
5.717858929464732,-0.0027424357936081264
5.727863931965983,-0.002710333646502646
5.737868934467233,-0.0026786541633131485
5.7478739369684835,-0.0026473915280755714
5.757878939469734,-0.002616539995051944
5.767883941970984,-0.002586093888633346
5.777888944472236,-0.002556047603192939
5.787893946973487,-0.002526395602892478
5.797898949474737,-0.002497132421445463
5.807903951975987,-0.0024682526618399754
5.817908954477238,-0.0024397509960240368
5.827913956978488,-0.0024116221645561825
5.83791895947974,-0.0023838609762238134
5.847923961980991,-0.0023564623076317444
5.857928964482241,-0.002329421102763159
5.867933966983491,-0.0023027323725152136
5.877938969484742,-0.002276391194211258
5.887943971985992,-0.002250392711091601
5.897948974487242,-0.002224732131784637
5.907953976988495,-0.002199404729760037
5.917958979489745,-0.0021744058427656207
5.927963981990995,-0.0021497308722493893
5.937968984492246,-0.0021253752827682217
5.947973986993496,-0.0021013346013845206
5.957978989494746,-0.0020776044170521045
5.967983991995997,-0.0020541803799925392
5.977988994497249,-0.0020310582010630465
5.987993996998499,-0.002008233651117044
5.99799899949975,-0.0019857025603582774
6.008004002001002,-0.001963460817689556
6.01800900450225,-0.0019415043700569455
6.028014007003502,-0.0019198292217901586
6.038019009504751,-0.0018984314339401103
6.048024012006003,-0.0018773071236141395
6.058029014507252,-0.0018564524633098087
6.068034017008504,-0.0018358636802476925
6.078039019509756,-0.0018155370557039864
6.088044022011005,-0.0017954689243433067
6.098049024512257,-0.0017756556735522816
6.108054027013505,-0.0017560937427745092
6.118059029514757,-0.0017367796228471264
6.128064032016006,-0.0017177098553396693
6.138069034517258,-0.001698881031895397
6.14807403701851,-0.0016802897935756249
6.158079039519759,-0.0016619328302072828
6.168084042021011,-0.00164380687973406
6.17808904452226,-0.0016259087275715088
6.188094047023512,-0.0016082352059662022
6.19809904952476,-0.0015907831933594072
6.2081040520260125,-0.0015735496137553092
6.218109054527265,-0.0015565314360941676
6.228114057028513,-0.0015397256736304715
6.238119059529765,-0.0015231293833163205
6.248124062031014,-0.0015067396651902544
6.258129064532266,-0.0014905536617715338
6.268134067033515,-0.0014745685574601806
6.278139069534767,-0.0014587815779427272
6.288144072036019,-0.0014431899896039375
6.2981490745372675,-0.001427791098944474
6.30815407703852,-0.0014125822520046419
6.318159079539768,-0.0013975608337943477
6.32816408204102,-0.0013827242677291822
6.338169084542269,-0.0013680700150728742
6.348174087043521,-0.0013535955743859758
6.358179089544773,-0.0013392984809809784
6.368184092046022,-0.0013251763063837746
6.378189094547274,-0.0013112266578015272
6.3881940970485225,-0.0012974471775970178
6.398199099549775,-0.0012838355427693617
6.408204102051027,-0.0012703894644412357
6.418209104552275,-0.001257106687352501
6.4282141070535275,-0.0012439849893602678
6.438219109554776,-0.0012310221809454186
6.448224112056028,-0.0012182161047254835
6.458229114557277,-0.0012055646349739657
6.468234117058529,-0.0011930656771459677
6.478239119559781,-0.0011807171674102133
6.48824412206103,-0.0011685170721873373
6.498249124562282,-0.001156463387694441
6.50825412706353,-0.0011445541394959258
6.5182591295647825,-0.0011327873820604602
6.528264132066031,-0.0011211611983241558
6.538269134567283,-0.001109673699259795
6.548274137068535,-0.0010983230234521706
6.558279139569784,-0.0010871073366793978
6.568284142071036,-0.0010760248315001867
6.578289144572285,-0.0010650737268470623
6.588294147073537,-0.001054252267625376
6.598299149574785,-0.0010435587243181814
6.6083041520760375,-0.0010329913925967878
6.61830915457729,-0.0010225485929370552
6.628314157078538,-0.0010122286702412815
6.63831915957979,-0.0010020299934656502
6.648324162081039,-0.0009919509552532306
6.658329164582291,-0.0009819899715723568
6.66833416708354,-0.0009721454813604645
6.678339169584792,-0.0009624159461731782
6.688344172086044,-0.0009527998498387278
6.6983491745872925,-0.0009432956981175133
6.708354177088545,-0.0009339020183668171
6.718359179589793,-0.0009246173592106193
6.728364182091045,-0.0009154402902143727
6.738369184592294,-0.0009063694015647733
6.748374187093546,-0.0008974033037543715
6.758379189594798,-0.0008885406272710439
6.768384192096047,-0.0008797800222921989
6.778389194597299,-0.0008711201583836673
6.7883941970985475,-0.0008625597242032688
6.7983991995998,-0.000854097427208892
6.808404202101052,-0.0008457319933711371
6.8184092046023,-0.0008374621668903674
6.8284142071035525,-0.0008292867099181508
6.838419209604801,-0.0008212044022830537
6.848424212106053,-0.0008132140412206533
6.858429214607302,-0.0008053144411078006
6.868434217108554,-0.0007975044332009798
6.878439219609806,-0.0007897828653787942
6.888444222111055,-0.0007821486018884516
6.898449224612307,-0.0007746005230962096
6.908454227113555,-0.0007671375252417679
6.9184592296148075,-0.000759758520196459
6.928464232116056,-0.0007524624352252846
6.938469234617308,-0.0007452482127526481
6.94847423711856,-0.0007381148101318031
6.958479239619809,-0.0007310611994179083
6.968484242121061,-0.0007240863671446557
6.97848924462231,-0.0007171893141044396
6.988494247123562,-0.0007103690551319579
6.99849924962481,-0.0007036246188912627
7.0085042521260625,-0.0006969550476661363
7.018509254627315,-0.0006903593971538081
7.028514257128563,-0.0006838367362619113
7.038519259629815,-0.0006773861469086437
7.048524262131064,-0.0006710067238261142
7.058529264632316,-0.0006646975743667613
7.068534267133565,-0.0006584578183128709
7.078539269634817,-0.0006522865876890713
7.088544272136069,-0.0006461830265778274
7.0985492746373176,-0.0006401462909378343
7.10855427713857,-0.0006341755484252828
7.118559279639818,-0.0006282699782179765
7.12856428214107,-0.0006224287708421999
7.138569284642319,-0.0006166511280023628
7.148574287143571,-0.0006109362624133031
7.158579289644823,-0.0006052833976352776
7.168584292146072,-0.0005996917679115468
7.178589294647324,-0.0005941606180085196
7.188594297148573,-0.0005886892030584598
7.198599299649825,-0.0005832767884046396
7.208604302151073,-0.0005779226494489813
7.218609304652325,-0.0005726260715020735
7.228614307153578,-0.0005673863496355863
7.238619309654826,-0.0005622027885370018
7.248624312156078,-0.0005570747023666391
7.258629314657327,-0.0005520014146169554
7.268634317158579,-0.0005469822579740409
7.278639319659831,-0.0005420165741813281
7.28864432216108,-0.0005371037139054311
7.298649324662332,-0.0005322430366041041
7.30865432716358,-0.0005274339103962946
7.318659329664833,-0.0005226757119342217
7.328664332166081,-0.0005179678262774942
7.338669334667333,-0.0005133096467691847
7.348674337168585,-0.0005087005749138784
7.358679339669834,-0.0005041400202576206
7.368684342171086,-0.0004996274002697555
7.378689344672335,-0.0004951621402266337
7.388694347173587,-0.0004907436730971228
7.3986993496748354,-0.00048637143942994136
7.408704352176088,-0.0004820448872427298
7.41870935467734,-0.00047776347191288895
7.428714357178588,-0.00047352665607010877
7.43871935967984,-0.00046933390949058
7.448724362181089,-0.0004651847089928772
7.458729364682341,-0.0004610785383354447
7.46873436718359,-0.0004570148881157095
7.478739369684842,-0.00045299325567074337
7.488744372186094,-0.00044901314497949836
7.498749374687343,-0.0004450740665665506
7.508754377188595,-0.000441175537407343
7.518759379689843,-0.0004373170808349196
7.5287643821910955,-0.00043349822644808483
7.538769384692344,-0.00042971851002101657
7.548774387193596,-0.00042597747341425893
7.558779389694848,-0.00042227466448711593
7.568784392196097,-0.000418609637011392
7.578789394697349,-0.000414981950586467
7.588794397198598,-0.0004113911705556981
7.59879939969985,-0.00040783686792409936
7.608804402201098,-0.00040431861927730915
7.6188094047023505,-0.00040083600670179093
7.628814407203603,-0.00039738861770628373
7.638819409704851,-0.00039397604514445044
7.648824412206103,-0.00039059788713871846
7.658829414707352,-0.0003872537470053018
7.668834417208604,-0.00038394323318036193
7.678839419709856,-0.00038066595914731656
7.688844422211105,-0.0003774215433652546
7.698849424712357,-0.00037420960919844784
7.7088544272136055,-0.00037102978484695445
7.718859429714858,-0.00036788170327826654
7.728864432216106,-0.0003647650021600215
7.738869434717358,-0.00036167932379372334
7.7488744372186105,-0.0003586243150494915
7.758879439719859,-0.0003555996273017949
7.768884442221111,-0.0003526049163661632
7.77888944472236,-0.0003496398424368736
7.788894447223612,-0.00034670407002556676
7.7988994497248605,-0.000343797267900815
7.808904452226113,-0.00034091910902858783
7.818909454727365,-0.00033806927051363724
7.828914457228613,-0.0003352474335417595
7.8389194597298655,-0.0003324532833229309
7.848924462231114,-0.0003296865090353126
7.858929464732366,-0.00032694680377008667
7.868934467233615,-0.00032423386447713874
7.878939469734867,-0.00032154739191154476
7.888944472236119,-0.00031888709058087663
7.898949474737368,-0.0003162526686932919
7.90895447723862,-0.0003136438381064016
7.918959479739868,-0.0003110603142769167
7.9289644822411205,-0.0003085018162110334
7.938969484742369,-0.00030596806641557844
7.948974487243621,-0.000303458790849868
7.958979489744873,-0.00030097371887830216
7.968984492246122,-0.0002985125832236567
7.978989494747374,-0.0002960751199210707
7.988994497248623,-0.00029366106827273086
7.998999499749875,-0.00029127017080321467
8.009004502251123,-0.00028890217321551214
8.019009504752376,-0.00028655682434768743
8.029014507253628,-0.00028423387613019503
8.039019509754876,-0.00028193308354382117
8.049024512256128,-0.00027965420457824606
8.059029514757377,-0.0002773970001912295
8.069034517258629,-0.0002751612342683849
8.079039519759878,-0.0002729466735835608
8.08904452226113,-0.0002707530877597934
8.099049524762382,-0.00026858024923084525
8.10905452726363,-0.0002664279332033022
8.119059529764883,-0.0002642959176192278
8.129064532266131,-0.000262183983119372
8.139069534767383,-0.0002600919130069084
8.149074537268636,-0.000258019493211714
8.159079539769884,-0.00025596651225516347
8.169084542271136,-0.00025393276121543797
8.179089544772385,-0.00025191803369334755
8.189094547273637,-0.00024992212577864084
8.199099549774886,-0.00024794483601681664
8.209104552276138,-0.000245985965376407
8.21910955477739,-0.00024404531721674655
8.229114557278638,-0.0002421226972562021
8.23911955977989,-0.0002402179135408621
8.249124562281139,-0.00023833077641368836
8.259129564782391,-0.0002364610984841021
8.26913456728364,-0.00023460869459802024
8.279139569784892,-0.0002327733818083141
8.289144572286144,-0.00023095497934570405
8.299149574787393,-0.000229153308590065
8.309154577288645,-0.00022736819304214714
8.319159579789893,-0.00022559945829570718
8.329164582291146,-0.00022384693201003128
8.339169584792394,-0.00022211044388286105
8.349174587293646,-0.00022038982562369802
8.359179589794898,-0.00021868491092749852
8.369184592296147,-0.00021699553544873867
8.379189594797399,-0.00021532153677584887
8.389194597298648,-0.00021366275440601917
8.3991995997999,-0.00021201902972035498
8.409204602301148,-0.00021039020595939347
8.4192096048024,-0.00020877612819896076
8.429214607303653,-0.0002071766433263789
8.439219609804901,-0.00020559160001700494
8.449224612306153,-0.0002040208487111015
8.459229614807402,-0.00020246424159104078
8.469234617308654,-0.00020092163255882147
8.479239619809903,-0.00019939287721391208
8.489244622311155,-0.00019787783283139795
8.499249624812407,-0.00019637635834044288
8.509254627313656,-0.00019488831430304978
8.519259629814908,-0.00019341356289311818
8.529264632316156,-0.0001919519678758018
8.539269634817408,-0.0001905033945871466
8.54927463731866,-0.0001890677099140224
8.55927963981991,-0.0001876447822743293
8.569284642321161,-0.00018623448159748072
8.57928964482241,-0.0001848366793051634
8.589294647323662,-0.00018345124829235876
8.59929964982491,-0.00018207806290863489
8.609304652326163,-0.00018071699893969193
8.619309654827415,-0.0001793679335891706
8.629314657328663,-0.00017803074546070732
8.639319659829916,-0.00017670531454023954
8.649324662331164,-0.00017539152217855907
8.659329664832416,-0.00017408925107410006
8.669334667333665,-0.00017279838525597233
8.679339669834917,-0.00017151881006722064
8.68934467233617,-0.00017025041214832167
8.699349674837418,-0.00016899307942090343
8.70935467733867,-0.00016774670107168847
8.719359679839918,-0.00016651116753666148
8.72936468234117,-0.00016528637048544823
8.73936968484242,-0.00016407220280591377
8.749374687343671,-0.00016286855858896654
8.759379689844923,-0.0001616753331135741
8.769384692346172,-0.0001604924228319815
8.779389694847424,-0.00015931972535512858
8.789394697348673,-0.00015815713943827256
8.799399699849925,-0.00015700456496679736
8.809404702351173,-0.0001558619029422248
8.819409704852426,-0.00015472905546840663
8.829414707353678,-0.0001536059257379117
8.839419709854926,-0.00015249241801859188
8.849424712356178,-0.00015138843764033122
8.859429714857427,-0.00015029389098197575
8.86943471735868,-0.00014920868545843612
8.879439719859928,-0.00014813272950796888
8.88944472236118,-0.00014706593257962256
8.899449724862432,-0.00014600820512085947
8.90945472736368,-0.00014495945856533808
8.919459729864933,-0.00014391960532086144
8.929464732366181,-0.00014288855875748885
8.939469734867433,-0.0001418662331958022
8.949474737368682,-0.0001408525438953346
8.959479739869934,-0.00013984740704314777
8.969484742371186,-0.0001388507397425671
8.979489744872435,-0.00013786246000206301
8.989494747373687,-0.00013688248672428082
8.999499749874936,-0.00013591073969521916
9.009504752376188,-0.00013494713957354755
9.01950975487744,-0.00013399160788006996
9.029514757378688,-0.00013304406698732538
9.03951975987994,-0.00013210444010932517
9.04952476238119,-0.00013117265129142998
9.059529764882441,-0.00013024862540035497
9.06953476738369,-0.00012933228811431218
9.079539769884942,-0.0001284235659132771
9.089544772386194,-0.00012752238606938908
9.099549774887443,-0.00012662867663747353
9.109554777388695,-0.000125742366445689
9.119559779889943,-0.00012486338508630056
9.129564782391196,-0.0001239916629065679
9.139569784892444,-0.00012312713099975925
9.149574787393696,-0.0001222697211962764
9.159579789894948,-0.00012141936605490078
9.169584792396197,-0.00012057599885415056
9.17958979489745,-0.00011973955358375018
9.189594797398698,-0.00011890996493621356
9.19959979989995,-0.00011808716829853266
9.209604802401198,-0.00011727109974397859
9.21960980490245,-0.00011646169602400332
9.229614807403703,-0.00011565889456025226
9.239619809904951,-0.00011486263343667559
9.249624812406203,-0.00011407285139174273
9.259629814907452,-0.00011328948781075921
9.269634817408704,-0.00011251248271827888
9.279639819909953,-0.000111741776770618
9.289644822411205,-0.0001109773112484615
9.299649824912457,-0.00011021902804956744
9.309654827413706,-0.0001094668696815636
9.319659829914958,-0.00010872077925483552
9.329664832416206,-0.00010798070047550817
9.339669834917459,-0.0001072465776385141
9.349674837418707,-0.00010651835562075363
9.35967983991996,-0.00010579597987433846
9.369684842421211,-0.00010507939641992523
9.37968984492246,-0.00010436855184013117
9.389694847423712,-0.00010366339327303388
9.39969984992496,-0.00010296386840575549
9.409704852426213,-0.00010226992546812539
9.419709854927465,-0.00010158151322642605
9.429714857428714,-0.00010089858097721624
9.439719859929966,-0.00010022107854123191
9.449724862431214,-9.954895625736675e-05
9.459729864932466,-9.888216497672505e-05
9.469734867433715,-9.822065605675308e-05
9.479739869934967,-9.756438135544106e-05
9.48974487243622,-9.691329322560075e-05
9.499749874937468,-9.626734450921368e-05
9.50975487743872,-9.562648853184907e-05
9.519759879939969,-9.499067909715485e-05
9.52976488244122,-9.435987048141412e-05
9.53976988494247,-9.373401742817265e-05
9.549774887443721,-9.311307514293082e-05
9.559779889944974,-9.249699928790414e-05
9.569784892446222,-9.188574597684812e-05
9.579789894947474,-9.127927176994591e-05
9.589794897448723,-9.067753366876329e-05
9.599799899949975,-9.008048911126182e-05
9.609804902451224,-8.948809596687828e-05
9.619809904952476,-8.890031253166103e-05
9.629814907453728,-8.831709752346974e-05
9.639819909954976,-8.773841007723311e-05
9.649824912456229,-8.716420974026396e-05
9.659829914957477,-8.659445646763555e-05
9.66983491745873,-8.602911061761073e-05
9.679839919959978,-8.5468132947131e-05
9.68984492246123,-8.49114846073581e-05
9.699849924962482,-8.435912713927289e-05
9.70985492746373,-8.381102246932653e-05
9.719859929964983,-8.326713290514474e-05
9.729864932466231,-8.272742113128707e-05
9.739869934967484,-8.219185020505462e-05
9.749874937468732,-8.166038355235227e-05
9.759879939969984,-8.11329849635983e-05
9.769884942471236,-8.060961858968685e-05
9.779889944972485,-8.009024893799751e-05
9.789894947473737,-7.95748408684535e-05
9.799899949974986,-7.906335958962962e-05
9.809904952476238,-7.855577065490465e-05
9.819909954977486,-7.805203995866332e-05
9.829914957478739,-7.755213373254131e-05
9.83991995997999,-7.70560185417186e-05
9.84992496248124,-7.656366128125567e-05
9.859929964982491,-7.607502917247373e-05
9.86993496748374,-7.559008975938088e-05
9.879939969984992,-7.510881090513793e-05
9.889944972486244,-7.463116078857042e-05
9.899949974987493,-7.415710790071962e-05
9.909954977488745,-7.368662104143593e-05
9.919959979989994,-7.321966931601413e-05
9.929964982491246,-7.275622213186706e-05
9.939969984992494,-7.229624919524127e-05
9.949974987493746,-7.183972050796934e-05
9.959979989994999,-7.138660636426381e-05
9.969984992496247,-7.093687734754738e-05
9.9799899949975,-7.049050432732086e-05
9.989994997498748,-7.004745845607038e-05
10.0,-6.96077111662085e-05
